ANNO,MES,PROVINCIAS,CERO,ECO,B,C,PROVINCIA
2017,1,Álava,3,25,12,445,1
2018,1,Álava,4,38,15,548,1
2019,1,Álava,3,47,9,550,1
2017,10,Álava,3,30,14,532,1
2018,10,Álava,3,36,14,524,1
2019,10,Álava,4,50,10,587,1
2017,11,Álava,4,32,15,569,1
2018,11,Álava,3,36,14,513,1
2019,11,Álava,3,48,9,557,1
2017,12,Álava,3,30,14,533,1
2018,12,Álava,4,37,14,534,1
2019,12,Álava,4,50,10,587,1
2017,2,Álava,3,28,13,501,1
2018,2,Álava,4,40,15,581,1
2019,2,Álava,4,49,10,572,1
2017,3,Álava,4,36,17,651,1
2018,3,Álava,4,46,18,668,1
2019,3,Álava,4,60,12,699,1
2017,4,Álava,3,30,14,534,1
2018,4,Álava,4,44,17,628,1
2019,4,Álava,4,59,12,684,1
2017,5,Álava,4,37,18,667,1
2018,5,Álava,5,50,19,726,1
2019,5,Álava,5,63,12,731,1
2017,6,Álava,4,39,18,693,1
2018,6,Álava,5,52,20,753,1
2019,6,Álava,5,64,13,744,1
2017,7,Álava,4,34,16,600,1
2018,7,Álava,5,49,19,703,1
2019,7,Álava,4,60,12,697,1
2017,8,Álava,3,23,11,410,1
2018,8,Álava,4,40,15,571,1
2019,8,Álava,3,39,8,457,1
2017,9,Álava,3,26,13,472,1
2018,9,Álava,3,29,11,423,1
2019,9,Álava,3,43,8,497,1
2017,1,Albacete,1,20,13,381,2
2018,1,Albacete,2,27,23,528,2
2019,1,Albacete,2,39,15,531,2
2017,10,Albacete,1,24,16,455,2
2018,10,Albacete,1,26,22,505,2
2019,10,Albacete,2,41,16,568,2
2017,11,Albacete,1,25,17,488,2
2018,11,Albacete,1,26,21,494,2
2019,11,Albacete,2,39,16,541,2
2017,12,Albacete,1,24,16,457,2
2018,12,Albacete,1,27,22,515,2
2019,12,Albacete,2,41,16,568,2
2017,2,Albacete,1,22,15,429,2
2018,2,Albacete,2,29,24,560,2
2019,2,Albacete,2,40,16,556,2
2017,3,Albacete,2,29,19,558,2
2018,3,Albacete,2,33,28,643,2
2019,3,Albacete,3,49,20,678,2
2017,4,Albacete,1,24,16,458,2
2018,4,Albacete,2,31,26,606,2
2019,4,Albacete,3,48,19,663,2
2017,5,Albacete,2,29,20,571,2
2018,5,Albacete,2,36,30,699,2
2019,5,Albacete,3,51,21,708,2
2017,6,Albacete,2,31,21,594,2
2018,6,Albacete,2,38,31,726,2
2019,6,Albacete,3,52,21,722,2
2017,7,Albacete,1,27,18,514,2
2018,7,Albacete,2,35,29,678,2
2019,7,Albacete,3,49,20,674,2
2017,8,Albacete,1,18,12,351,2
2018,8,Albacete,2,28,24,550,2
2019,8,Albacete,2,32,13,444,2
2017,9,Albacete,1,21,14,404,2
2018,9,Albacete,1,21,18,407,2
2019,9,Albacete,2,35,14,482,2
2017,1,Alicante,6,118,227,4477,3
2018,1,Alicante,14,194,282,6185,3
2019,1,Alicante,24,306,241,6299,3
2017,10,Alicante,8,142,272,5355,3
2018,10,Alicante,14,186,269,5910,3
2019,10,Alicante,25,327,257,6738,3
2017,11,Alicante,8,152,291,5734,3
2018,11,Alicante,13,182,264,5789,3
2019,11,Alicante,24,311,244,6401,3
2017,12,Alicante,8,142,273,5369,3
2018,12,Alicante,14,189,275,6032,3
2019,12,Alicante,25,327,257,6738,3
2017,2,Alicante,7,133,256,5043,3
2018,2,Alicante,15,206,299,6558,3
2019,2,Alicante,25,319,251,6580,3
2017,3,Alicante,9,173,333,6559,3
2018,3,Alicante,17,237,343,7538,3
2019,3,Alicante,31,390,306,8024,3
2017,4,Alicante,8,142,273,5382,3
2018,4,Alicante,16,223,323,7093,3
2019,4,Alicante,30,381,299,7855,3
2017,5,Alicante,9,177,341,6719,3
2018,5,Alicante,19,257,373,8193,3
2019,5,Alicante,32,407,320,8389,3
2017,6,Alicante,10,184,355,6985,3
2018,6,Alicante,20,267,387,8501,3
2019,6,Alicante,32,415,325,8541,3
2017,7,Alicante,8,160,307,6040,3
2018,7,Alicante,19,249,362,7943,3
2019,7,Alicante,31,388,305,7990,3
2017,8,Alicante,6,109,210,4131,3
2018,8,Alicante,15,202,293,6445,3
2019,8,Alicante,21,255,201,5251,3
2017,9,Alicante,7,126,241,4750,3
2018,9,Alicante,11,150,217,4777,3
2019,9,Alicante,22,277,218,5708,3
2017,1,Almería,1,30,72,698,4
2018,1,Almería,3,48,84,882,4
2019,1,Almería,2,64,75,889,4
2017,10,Almería,2,36,86,835,4
2018,10,Almería,3,46,80,843,4
2019,10,Almería,2,68,80,951,4
2017,11,Almería,2,39,93,894,4
2018,11,Almería,3,45,79,826,4
2019,11,Almería,2,65,76,903,4
2017,12,Almería,2,36,87,837,4
2018,12,Almería,3,47,82,860,4
2019,12,Almería,2,68,80,951,4
2017,2,Almería,2,34,81,787,4
2018,2,Almería,3,51,89,936,4
2019,2,Almería,2,66,78,927,4
2017,3,Almería,2,44,106,1023,4
2018,3,Almería,4,58,103,1076,4
2019,3,Almería,2,81,95,1132,4
2017,4,Almería,2,36,87,839,4
2018,4,Almería,3,55,97,1012,4
2019,4,Almería,2,79,93,1107,4
2017,5,Almería,2,45,108,1048,4
2018,5,Almería,4,63,112,1169,4
2019,5,Almería,2,85,100,1182,4
2017,6,Almería,2,47,113,1089,4
2018,6,Almería,4,66,116,1214,4
2019,6,Almería,2,86,101,1203,4
2017,7,Almería,2,41,98,942,4
2018,7,Almería,4,61,108,1134,4
2019,7,Almería,2,81,95,1126,4
2017,8,Almería,1,28,67,644,4
2018,8,Almería,3,50,87,920,4
2019,8,Almería,1,53,62,741,4
2017,9,Almería,1,32,77,741,4
2018,9,Almería,2,37,65,682,4
2019,9,Almería,2,58,68,805,4
2017,1,Ávila,1,9,3,94,5
2018,1,Ávila,1,13,3,136,5
2019,1,Ávila,1,16,4,104,5
2017,10,Ávila,1,11,4,113,5
2018,10,Ávila,1,13,3,130,5
2019,10,Ávila,1,17,4,110,5
2017,11,Ávila,1,12,4,121,5
2018,11,Ávila,1,13,3,128,5
2019,11,Ávila,1,16,4,105,5
2017,12,Ávila,1,11,4,113,5
2018,12,Ávila,1,13,3,133,5
2019,12,Ávila,1,17,4,110,5
2017,2,Ávila,1,10,4,106,5
2018,2,Ávila,1,14,3,144,5
2019,2,Ávila,1,16,4,108,5
2017,3,Ávila,1,14,5,138,5
2018,3,Ávila,1,16,4,165,5
2019,3,Ávila,2,20,4,132,5
2017,4,Ávila,1,11,4,113,5
2018,4,Ávila,1,15,4,156,5
2019,4,Ávila,2,20,4,130,5
2017,5,Ávila,1,14,5,142,5
2018,5,Ávila,1,18,4,180,5
2019,5,Ávila,2,21,5,138,5
2017,6,Ávila,1,14,5,147,5
2018,6,Ávila,1,18,4,187,5
2019,6,Ávila,2,21,5,140,5
2017,7,Ávila,1,12,4,127,5
2018,7,Ávila,1,17,4,174,5
2019,7,Ávila,2,20,4,132,5
2017,8,Ávila,1,9,3,87,5
2018,8,Ávila,1,14,3,142,5
2019,8,Ávila,1,13,3,87,5
2017,9,Ávila,1,10,3,100,5
2018,9,Ávila,1,10,2,105,5
2019,9,Ávila,1,14,3,93,5
2017,1,Badajoz,1,29,40,729,6
2018,1,Badajoz,8,46,46,956,6
2019,1,Badajoz,1,65,36,957,6
2017,10,Badajoz,1,35,48,872,6
2018,10,Badajoz,8,44,44,913,6
2019,10,Badajoz,2,70,39,1023,6
2017,11,Badajoz,1,37,52,933,6
2018,11,Badajoz,7,43,43,895,6
2019,11,Badajoz,2,66,37,972,6
2017,12,Badajoz,1,35,48,874,6
2018,12,Badajoz,8,45,45,932,6
2019,12,Badajoz,2,70,39,1023,6
2017,2,Badajoz,1,33,45,821,6
2018,2,Badajoz,8,49,49,1012,6
2019,2,Badajoz,2,68,38,999,6
2017,3,Badajoz,1,42,59,1068,6
2018,3,Badajoz,10,56,56,1164,6
2019,3,Badajoz,2,83,46,1218,6
2017,4,Badajoz,1,35,49,876,6
2018,4,Badajoz,9,53,53,1095,6
2019,4,Badajoz,2,81,45,1193,6
2017,5,Badajoz,1,44,61,1094,6
2018,5,Badajoz,11,61,61,1265,6
2019,5,Badajoz,2,87,49,1273,6
2017,6,Badajoz,1,45,63,1137,6
2018,6,Badajoz,11,63,64,1313,6
2019,6,Badajoz,2,88,49,1296,6
2017,7,Badajoz,1,39,54,983,6
2018,7,Badajoz,10,59,59,1226,6
2019,7,Badajoz,2,83,46,1214,6
2017,8,Badajoz,1,27,37,672,6
2018,8,Badajoz,8,48,48,995,6
2019,8,Badajoz,1,54,30,797,6
2017,9,Badajoz,1,31,43,773,6
2018,9,Badajoz,6,36,36,737,6
2019,9,Badajoz,1,59,33,866,6
2017,1,Baleares,12,99,38,2951,7
2018,1,Baleares,28,143,64,4126,7
2019,1,Baleares,48,208,55,4231,7
2017,10,Baleares,14,118,46,3530,7
2018,10,Baleares,27,137,61,3943,7
2019,10,Baleares,53,223,59,4525,7
2017,11,Baleares,15,127,49,3780,7
2018,11,Baleares,26,134,60,3862,7
2019,11,Baleares,51,212,56,4299,7
2017,12,Baleares,14,119,46,3538,7
2018,12,Baleares,27,140,62,4023,7
2019,12,Baleares,53,223,59,4525,7
2017,2,Baleares,13,112,43,3324,7
2018,2,Baleares,29,152,67,4375,7
2019,2,Baleares,52,218,58,4418,7
2017,3,Baleares,17,145,56,4323,7
2018,3,Baleares,34,175,77,5028,7
2019,3,Baleares,63,266,70,5389,7
2017,4,Baleares,14,119,46,3547,7
2018,4,Baleares,32,165,73,4731,7
2019,4,Baleares,60,260,68,5275,7
2017,5,Baleares,17,149,57,4429,7
2018,5,Baleares,37,190,84,5464,7
2019,5,Baleares,65,278,73,5633,7
2017,6,Baleares,18,154,60,4604,7
2018,6,Baleares,38,197,87,5671,7
2019,6,Baleares,66,283,74,5736,7
2017,7,Baleares,16,134,52,3981,7
2018,7,Baleares,35,184,81,5298,7
2019,7,Baleares,63,264,70,5367,7
2017,8,Baleares,11,91,35,2723,7
2018,8,Baleares,29,149,66,4299,7
2019,8,Baleares,41,174,46,3527,7
2017,9,Baleares,12,105,41,3131,7
2018,9,Baleares,22,111,49,3187,7
2019,9,Baleares,45,189,50,3834,7
2017,1,Barcelona,72,736,142,9281,8
2018,1,Barcelona,152,1183,169,13033,8
2019,1,Barcelona,252,1447,134,15161,8
2017,10,Barcelona,86,880,170,11101,8
2018,10,Barcelona,145,1130,162,12452,8
2019,10,Barcelona,269,1548,144,16218,8
2017,11,Barcelona,92,943,182,11887,8
2018,11,Barcelona,142,1107,159,12196,8
2019,11,Barcelona,255,1470,137,15404,8
2017,12,Barcelona,86,883,171,11129,8
2018,12,Barcelona,148,1153,165,12708,8
2019,12,Barcelona,269,1548,144,16218,8
2017,2,Barcelona,81,829,160,10453,8
2018,2,Barcelona,162,1254,179,13817,8
2019,2,Barcelona,262,1511,140,15831,8
2017,3,Barcelona,105,1078,209,13598,8
2018,3,Barcelona,185,1441,207,15881,8
2019,3,Barcelona,320,1842,173,19312,8
2017,4,Barcelona,86,885,171,11157,8
2018,4,Barcelona,174,1356,194,14943,8
2019,4,Barcelona,313,1803,167,18904,8
2017,5,Barcelona,107,1105,214,13929,8
2018,5,Barcelona,202,1566,224,17256,8
2019,5,Barcelona,334,1925,180,20186,8
2017,6,Barcelona,112,1148,222,14480,8
2018,6,Barcelona,209,1625,232,17911,8
2019,6,Barcelona,341,1960,183,20553,8
2017,7,Barcelona,97,993,192,12522,8
2018,7,Barcelona,195,1519,217,16734,8
2019,7,Barcelona,319,1834,172,19230,8
2017,8,Barcelona,66,679,131,8564,8
2018,8,Barcelona,158,1232,176,13579,8
2019,8,Barcelona,210,1205,112,12636,8
2017,9,Barcelona,76,781,151,9846,8
2018,9,Barcelona,118,914,131,10064,8
2019,9,Barcelona,227,1309,122,13735,8
2017,1,Burgos,2,41,15,433,9
2018,1,Burgos,3,66,19,559,9
2019,1,Burgos,6,90,17,501,9
2017,10,Burgos,3,50,18,518,9
2018,10,Burgos,3,63,18,534,9
2019,10,Burgos,6,96,18,537,9
2017,11,Burgos,3,53,19,555,9
2018,11,Burgos,3,62,18,522,9
2019,11,Burgos,6,91,17,510,9
2017,12,Burgos,3,50,18,520,9
2018,12,Burgos,3,64,19,545,9
2019,12,Burgos,6,96,18,537,9
2017,2,Burgos,3,47,17,488,9
2018,2,Burgos,3,70,20,593,9
2019,2,Burgos,6,94,18,524,9
2017,3,Burgos,4,61,22,635,9
2018,3,Burgos,3,80,24,681,9
2019,3,Burgos,7,115,22,638,9
2017,4,Burgos,3,50,18,521,9
2018,4,Burgos,3,76,22,640,9
2019,4,Burgos,7,112,21,625,9
2017,5,Burgos,4,62,23,650,9
2018,5,Burgos,5,87,26,739,9
2019,5,Burgos,7,120,23,668,9
2017,6,Burgos,4,65,23,676,9
2018,6,Burgos,5,91,27,767,9
2019,6,Burgos,8,122,23,680,9
2017,7,Burgos,3,56,20,585,9
2018,7,Burgos,3,85,25,717,9
2019,7,Burgos,7,114,21,636,9
2017,8,Burgos,2,38,14,400,9
2018,8,Burgos,3,69,20,582,9
2019,8,Burgos,3,75,14,418,9
2017,9,Burgos,3,44,16,460,9
2018,9,Burgos,2,51,15,431,9
2019,9,Burgos,4,82,15,454,9
2017,1,Cáceres,1,16,15,221,10
2018,1,Cáceres,0,24,19,272,10
2019,1,Cáceres,1,32,14,291,10
2017,10,Cáceres,1,20,18,264,10
2018,10,Cáceres,0,23,18,260,10
2019,10,Cáceres,1,34,15,311,10
2017,11,Cáceres,1,21,19,282,10
2018,11,Cáceres,0,22,17,254,10
2019,11,Cáceres,1,32,14,296,10
2017,12,Cáceres,1,20,18,264,10
2018,12,Cáceres,0,23,18,265,10
2019,12,Cáceres,1,34,15,311,10
2017,2,Cáceres,1,19,17,248,10
2018,2,Cáceres,0,25,20,288,10
2019,2,Cáceres,1,33,15,304,10
2017,3,Cáceres,1,24,22,323,10
2018,3,Cáceres,1,29,23,331,10
2019,3,Cáceres,1,40,18,371,10
2017,4,Cáceres,1,20,18,265,10
2018,4,Cáceres,1,27,21,311,10
2019,4,Cáceres,1,40,17,362,10
2017,5,Cáceres,1,25,22,331,10
2018,5,Cáceres,1,32,25,360,10
2019,5,Cáceres,1,42,19,387,10
2017,6,Cáceres,1,26,23,344,10
2018,6,Cáceres,1,33,26,374,10
2019,6,Cáceres,1,43,19,394,10
2017,7,Cáceres,1,22,20,298,10
2018,7,Cáceres,1,31,24,348,10
2019,7,Cáceres,1,40,18,368,10
2017,8,Cáceres,0,15,14,204,10
2018,8,Cáceres,0,25,19,283,10
2019,8,Cáceres,1,26,12,243,10
2017,9,Cáceres,1,17,16,234,10
2018,9,Cáceres,0,18,14,210,10
2019,9,Cáceres,1,29,13,264,10
2017,1,Cádiz,2,84,50,1252,11
2018,1,Cádiz,13,126,89,1818,11
2019,1,Cádiz,13,138,64,2231,11
2017,10,Cádiz,2,100,60,1498,11
2018,10,Cádiz,12,120,85,1738,11
2019,10,Cádiz,13,147,68,2388,11
2017,11,Cádiz,3,107,65,1604,11
2018,11,Cádiz,12,118,83,1702,11
2019,11,Cádiz,13,140,65,2269,11
2017,12,Cádiz,2,100,61,1501,11
2018,12,Cádiz,12,122,87,1773,11
2019,12,Cádiz,13,147,68,2388,11
2017,2,Cádiz,2,94,57,1410,11
2018,2,Cádiz,13,133,94,1928,11
2019,2,Cádiz,13,144,66,2332,11
2017,3,Cádiz,3,123,74,1834,11
2018,3,Cádiz,16,153,108,2216,11
2019,3,Cádiz,16,175,81,2844,11
2017,4,Cádiz,2,101,61,1505,11
2018,4,Cádiz,15,144,102,2085,11
2019,4,Cádiz,16,171,79,2783,11
2017,5,Cádiz,3,126,76,1879,11
2018,5,Cádiz,17,166,118,2407,11
2019,5,Cádiz,16,183,85,2973,11
2017,6,Cádiz,3,131,79,1953,11
2018,6,Cádiz,17,173,122,2500,11
2019,6,Cádiz,16,186,86,3027,11
2017,7,Cádiz,3,113,68,1689,11
2018,7,Cádiz,16,161,114,2335,11
2019,7,Cádiz,16,174,81,2831,11
2017,8,Cádiz,2,77,47,1155,11
2018,8,Cádiz,13,131,93,1895,11
2019,8,Cádiz,10,113,53,1861,11
2017,9,Cádiz,2,89,54,1328,11
2018,9,Cádiz,9,97,68,1405,11
2019,9,Cádiz,10,123,58,2023,11
2017,1,Castelló,1,38,33,870,12
2018,1,Castelló,2,58,39,1187,12
2019,1,Castelló,3,68,32,1251,12
2017,10,Castelló,2,45,40,1040,12
2018,10,Castelló,1,55,37,1135,12
2019,10,Castelló,3,73,35,1340,12
2017,11,Castelló,2,48,42,1114,12
2018,11,Castelló,1,54,37,1111,12
2019,11,Castelló,3,69,33,1273,12
2017,12,Castelló,2,45,40,1043,12
2018,12,Castelló,1,56,38,1158,12
2019,12,Castelló,3,73,35,1340,12
2017,2,Castelló,2,43,37,980,12
2018,2,Castelló,2,61,42,1258,12
2019,2,Castelló,3,71,34,1308,12
2017,3,Castelló,2,55,48,1274,12
2018,3,Castelló,2,70,49,1446,12
2019,3,Castelló,4,87,41,1595,12
2017,4,Castelló,2,45,40,1045,12
2018,4,Castelló,2,66,46,1361,12
2019,4,Castelló,4,85,40,1561,12
2017,5,Castelló,2,57,50,1305,12
2018,5,Castelló,2,77,53,1572,12
2019,5,Castelló,4,91,43,1666,12
2017,6,Castelló,2,59,52,1357,12
2018,6,Castelló,2,79,55,1632,12
2019,6,Castelló,6,92,44,1697,12
2017,7,Castelló,2,51,45,1173,12
2018,7,Castelló,2,74,51,1524,12
2019,7,Castelló,4,86,41,1589,12
2017,8,Castelló,1,35,30,803,12
2018,8,Castelló,2,60,41,1237,12
2019,8,Castelló,2,57,27,1044,12
2017,9,Castelló,1,40,35,923,12
2018,9,Castelló,1,45,30,917,12
2019,9,Castelló,3,62,29,1134,12
2017,1,Ciudad Real,1,13,9,408,13
2018,1,Ciudad Real,2,24,13,518,13
2019,1,Ciudad Real,1,32,9,497,13
2017,10,Ciudad Real,1,16,11,488,13
2018,10,Ciudad Real,2,23,13,495,13
2019,10,Ciudad Real,2,34,10,533,13
2017,11,Ciudad Real,1,17,11,523,13
2018,11,Ciudad Real,2,22,12,485,13
2019,11,Ciudad Real,1,32,9,506,13
2017,12,Ciudad Real,1,16,11,490,13
2018,12,Ciudad Real,2,23,13,505,13
2019,12,Ciudad Real,2,34,10,533,13
2017,2,Ciudad Real,1,15,10,460,13
2018,2,Ciudad Real,2,25,14,549,13
2019,2,Ciudad Real,1,33,10,520,13
2017,3,Ciudad Real,1,19,13,598,13
2018,3,Ciudad Real,2,29,17,631,13
2019,3,Ciudad Real,2,41,12,635,13
2017,4,Ciudad Real,1,16,11,491,13
2018,4,Ciudad Real,2,28,16,594,13
2019,4,Ciudad Real,2,40,12,621,13
2017,5,Ciudad Real,2,19,13,613,13
2018,5,Ciudad Real,2,32,19,686,13
2019,5,Ciudad Real,2,42,12,663,13
2017,6,Ciudad Real,2,20,14,637,13
2018,6,Ciudad Real,2,33,19,712,13
2019,6,Ciudad Real,2,43,13,675,13
2017,7,Ciudad Real,1,18,12,551,13
2018,7,Ciudad Real,2,31,18,666,13
2019,7,Ciudad Real,2,40,12,632,13
2017,8,Ciudad Real,1,12,8,377,13
2018,8,Ciudad Real,2,25,14,539,13
2019,8,Ciudad Real,1,27,8,415,13
2017,9,Ciudad Real,1,14,9,433,13
2018,9,Ciudad Real,1,19,10,400,13
2019,9,Ciudad Real,1,29,8,452,13
2017,1,Córdoba,1,34,57,813,14
2018,1,Córdoba,3,57,92,1054,14
2019,1,Córdoba,4,63,70,1115,14
2017,10,Córdoba,2,41,68,972,14
2018,10,Córdoba,3,55,88,1008,14
2019,10,Córdoba,5,68,75,1193,14
2017,11,Córdoba,2,44,73,1041,14
2018,11,Córdoba,3,54,87,987,14
2019,11,Córdoba,4,64,71,1134,14
2017,12,Córdoba,2,41,69,975,14
2018,12,Córdoba,3,56,90,1028,14
2019,12,Córdoba,5,68,75,1193,14
2017,2,Córdoba,2,39,64,916,14
2018,2,Córdoba,4,61,98,1118,14
2019,2,Córdoba,5,66,73,1165,14
2017,3,Córdoba,2,50,84,1191,14
2018,3,Córdoba,4,70,113,1285,14
2019,3,Córdoba,6,80,89,1420,14
2017,4,Córdoba,2,41,69,977,14
2018,4,Córdoba,4,66,106,1209,14
2019,4,Córdoba,5,79,88,1390,14
2017,5,Córdoba,2,52,86,1220,14
2018,5,Córdoba,4,76,122,1396,14
2019,5,Córdoba,6,84,94,1484,14
2017,6,Córdoba,2,54,89,1268,14
2018,6,Córdoba,5,79,127,1450,14
2019,6,Córdoba,8,86,95,1512,14
2017,7,Córdoba,2,46,77,1097,14
2018,7,Córdoba,4,73,119,1355,14
2019,7,Córdoba,6,80,89,1415,14
2017,8,Córdoba,1,32,53,750,14
2018,8,Córdoba,4,60,96,1099,14
2019,8,Córdoba,4,53,59,929,14
2017,9,Córdoba,2,36,61,863,14
2018,9,Córdoba,3,44,71,815,14
2019,9,Córdoba,4,57,64,1010,14
2018,1,A Coruña,9,180,122,1542,15
2019,1,A Coruña,9,202,78,1420,15
2018,10,A Coruña,9,172,117,1474,15
2019,10,A Coruña,10,216,84,1519,15
2018,11,A Coruña,8,168,114,1443,15
2019,11,A Coruña,9,205,79,1443,15
2018,12,A Coruña,9,175,119,1504,15
2019,12,A Coruña,10,216,84,1519,15
2018,2,A Coruña,9,191,129,1634,15
2019,2,A Coruña,10,211,82,1482,15
2018,3,A Coruña,11,219,148,1879,15
2019,3,A Coruña,12,257,99,1810,15
2018,4,A Coruña,10,206,140,1768,15
2019,4,A Coruña,12,252,97,1772,15
2018,5,A Coruña,12,238,161,2043,15
2019,5,A Coruña,12,269,104,1891,15
2018,6,A Coruña,12,247,167,2119,15
2019,6,A Coruña,13,274,106,1925,15
2018,7,A Coruña,11,231,156,1980,15
2019,7,A Coruña,12,256,99,1802,15
2018,8,A Coruña,9,187,127,1607,15
2019,8,A Coruña,8,168,65,1183,15
2018,9,A Coruña,7,139,94,1191,15
2019,9,A Coruña,8,183,71,1288,15
2018,1,Cuenca,0,3,7,103,16
2019,1,Cuenca,0,6,6,103,16
2018,10,Cuenca,0,3,7,99,16
2019,10,Cuenca,0,6,6,111,16
2018,11,Cuenca,0,3,6,97,16
2019,11,Cuenca,0,6,6,106,16
2018,12,Cuenca,0,3,7,101,16
2019,12,Cuenca,0,6,6,111,16
2018,2,Cuenca,0,4,7,110,16
2019,2,Cuenca,0,6,6,109,16
2018,3,Cuenca,0,4,8,126,16
2019,3,Cuenca,0,7,7,132,16
2018,4,Cuenca,0,4,8,119,16
2019,4,Cuenca,0,7,7,130,16
2018,5,Cuenca,0,4,9,137,16
2019,5,Cuenca,0,8,7,139,16
2018,6,Cuenca,0,5,9,142,16
2019,6,Cuenca,0,8,7,141,16
2018,7,Cuenca,0,4,9,133,16
2019,7,Cuenca,0,7,7,132,16
2018,8,Cuenca,0,4,7,108,16
2019,8,Cuenca,0,5,5,86,16
2018,9,Cuenca,0,3,5,80,16
2019,9,Cuenca,0,5,5,94,16
2018,1,Girona,12,111,66,1440,17
2019,1,Girona,10,116,57,1584,17
2018,10,Girona,12,106,63,1376,17
2019,10,Girona,11,125,61,1693,17
2018,11,Girona,12,104,62,1348,17
2019,11,Girona,10,118,58,1609,17
2018,12,Girona,12,108,64,1404,17
2019,12,Girona,11,125,61,1693,17
2018,2,Girona,14,117,70,1527,17
2019,2,Girona,10,122,60,1655,17
2018,3,Girona,15,135,80,1756,17
2019,3,Girona,14,148,73,2018,17
2018,4,Girona,15,127,75,1651,17
2019,4,Girona,14,145,72,1976,17
2018,5,Girona,17,147,87,1907,17
2019,5,Girona,15,155,76,2110,17
2018,6,Girona,17,152,90,1979,17
2019,6,Girona,15,158,80,2147,17
2018,7,Girona,17,142,84,1849,17
2019,7,Girona,14,148,73,2008,17
2018,8,Girona,14,115,69,1501,17
2019,8,Girona,9,97,48,1320,17
2018,9,Girona,9,85,51,1112,17
2019,9,Girona,9,106,52,1434,17
2018,1,Granada,4,82,113,1232,18
2019,1,Granada,7,95,104,1470,18
2018,10,Granada,4,78,108,1177,18
2019,10,Granada,8,102,112,1574,18
2018,11,Granada,4,77,106,1154,18
2019,11,Granada,7,97,106,1495,18
2018,12,Granada,4,80,110,1202,18
2019,12,Granada,8,102,112,1574,18
2018,2,Granada,4,87,120,1306,18
2019,2,Granada,8,99,109,1537,18
2018,3,Granada,5,100,138,1502,18
2019,3,Granada,9,121,133,1874,18
2018,4,Granada,4,94,130,1413,18
2019,4,Granada,9,119,130,1834,18
2018,5,Granada,5,108,150,1631,18
2019,5,Granada,9,127,139,1959,18
2018,6,Granada,5,112,155,1693,18
2019,6,Granada,11,131,142,1995,18
2018,7,Granada,5,105,145,1582,18
2019,7,Granada,9,121,132,1866,18
2018,8,Granada,4,85,118,1284,18
2019,8,Granada,6,79,87,1225,18
2018,9,Granada,3,63,88,952,18
2019,9,Granada,7,86,95,1334,18
2018,1,Guadalajara,6,21,12,403,19
2019,1,Guadalajara,8,25,18,334,19
2018,10,Guadalajara,5,20,12,386,19
2019,10,Guadalajara,9,27,19,357,19
2018,11,Guadalajara,5,20,11,378,19
2019,11,Guadalajara,8,26,18,338,19
2018,12,Guadalajara,6,21,12,394,19
2019,12,Guadalajara,9,27,19,357,19
2018,2,Guadalajara,6,23,13,428,19
2019,2,Guadalajara,8,27,18,348,19
2018,3,Guadalajara,7,26,15,492,19
2019,3,Guadalajara,10,32,22,424,19
2018,4,Guadalajara,7,24,14,463,19
2019,4,Guadalajara,10,32,22,417,19
2018,5,Guadalajara,8,28,16,534,19
2019,5,Guadalajara,11,34,23,444,19
2018,6,Guadalajara,8,29,17,555,19
2019,6,Guadalajara,11,34,24,451,19
2018,7,Guadalajara,7,27,15,519,19
2019,7,Guadalajara,10,32,22,423,19
2018,8,Guadalajara,6,22,13,420,19
2019,8,Guadalajara,7,21,15,277,19
2018,9,Guadalajara,4,16,9,312,19
2019,9,Guadalajara,7,23,16,301,19
2018,1,Guipúzcoa,3,52,28,1147,20
2019,1,Guipúzcoa,6,80,20,1267,20
2018,10,Guipúzcoa,3,50,27,1096,20
2019,10,Guipúzcoa,7,85,21,1356,20
2018,11,Guipúzcoa,3,49,27,1073,20
2019,11,Guipúzcoa,7,81,20,1288,20
2018,12,Guipúzcoa,3,51,28,1118,20
2019,12,Guipúzcoa,7,85,21,1356,20
2018,2,Guipúzcoa,4,55,30,1216,20
2019,2,Guipúzcoa,7,83,20,1323,20
2018,3,Guipúzcoa,4,63,35,1397,20
2019,3,Guipúzcoa,8,102,25,1616,20
2018,4,Guipúzcoa,4,59,33,1315,20
2019,4,Guipúzcoa,8,100,24,1581,20
2018,5,Guipúzcoa,5,69,39,1519,20
2019,5,Guipúzcoa,9,106,26,1688,20
2018,6,Guipúzcoa,5,71,40,1577,20
2019,6,Guipúzcoa,11,108,27,1718,20
2018,7,Guipúzcoa,4,67,36,1472,20
2019,7,Guipúzcoa,8,101,25,1609,20
2018,8,Guipúzcoa,4,54,30,1195,20
2019,8,Guipúzcoa,5,67,16,1058,20
2018,9,Guipúzcoa,3,40,22,886,20
2019,9,Guipúzcoa,6,72,18,1150,20
2018,1,Huelva,5,27,29,555,21
2019,1,Huelva,11,33,28,511,21
2018,10,Huelva,5,26,28,531,21
2019,10,Huelva,11,35,30,546,21
2018,11,Huelva,5,26,27,520,21
2019,11,Huelva,11,34,28,518,21
2018,12,Huelva,5,27,28,541,21
2019,12,Huelva,11,35,30,546,21
2018,2,Huelva,5,29,31,588,21
2019,2,Huelva,11,35,29,532,21
2018,3,Huelva,6,33,35,676,21
2019,3,Huelva,14,42,35,650,21
2018,4,Huelva,6,31,33,637,21
2019,4,Huelva,14,41,35,636,21
2018,5,Huelva,7,36,38,736,21
2019,5,Huelva,14,44,37,680,21
2018,6,Huelva,7,38,40,763,21
2019,6,Huelva,14,45,38,693,21
2018,7,Huelva,6,35,37,713,21
2019,7,Huelva,14,42,35,647,21
2018,8,Huelva,5,28,30,578,21
2019,8,Huelva,9,28,23,426,21
2018,9,Huelva,3,21,22,428,21
2019,9,Huelva,9,30,25,463,21
2018,1,Huesca,2,16,8,385,22
2019,1,Huesca,1,26,7,374,22
2018,10,Huesca,2,15,8,368,22
2019,10,Huesca,1,28,8,400,22
2018,11,Huesca,2,15,8,360,22
2019,11,Huesca,1,27,7,379,22
2018,12,Huesca,2,16,8,376,22
2019,12,Huesca,1,28,8,400,22
2018,2,Huesca,2,17,9,408,22
2019,2,Huesca,1,27,8,389,22
2018,3,Huesca,3,20,10,469,22
2019,3,Huesca,1,33,9,475,22
2018,4,Huesca,3,18,9,441,22
2019,4,Huesca,1,33,9,466,22
2018,5,Huesca,3,21,11,511,22
2019,5,Huesca,1,35,10,497,22
2018,6,Huesca,3,22,11,529,22
2019,6,Huesca,1,36,10,505,22
2018,7,Huesca,3,21,10,494,22
2019,7,Huesca,1,33,9,473,22
2018,8,Huesca,2,17,9,402,22
2019,8,Huesca,1,22,6,312,22
2018,9,Huesca,2,12,6,298,22
2019,9,Huesca,1,24,7,339,22
2018,1,Jaén,3,25,82,823,23
2019,1,Jaén,3,37,68,825,23
2018,10,Jaén,3,24,79,786,23
2019,10,Jaén,5,40,72,881,23
2018,11,Jaén,3,23,77,770,23
2019,11,Jaén,5,38,69,838,23
2018,12,Jaén,3,24,80,803,23
2019,12,Jaén,5,40,72,881,23
2018,2,Jaén,3,27,87,873,23
2019,2,Jaén,5,39,71,860,23
2018,3,Jaén,3,31,100,1003,23
2019,3,Jaén,6,48,86,1050,23
2018,4,Jaén,3,29,94,943,23
2019,4,Jaén,6,47,84,1028,23
2018,5,Jaén,3,33,109,1090,23
2019,5,Jaén,6,50,90,1098,23
2018,6,Jaén,4,34,113,1131,23
2019,6,Jaén,6,51,92,1118,23
2018,7,Jaén,3,32,106,1057,23
2019,7,Jaén,6,47,86,1046,23
2018,8,Jaén,3,26,86,857,23
2019,8,Jaén,3,31,56,688,23
2018,9,Jaén,1,19,64,635,23
2019,9,Jaén,3,34,61,746,23
2018,1,León,2,46,38,516,24
2019,1,León,6,52,26,545,24
2018,10,León,2,44,36,494,24
2019,10,León,6,55,28,584,24
2018,11,León,2,43,36,483,24
2019,11,León,6,53,26,555,24
2018,12,León,2,45,37,504,24
2019,12,León,6,55,28,584,24
2018,2,León,2,49,40,548,24
2019,2,León,6,54,27,571,24
2018,3,León,3,56,46,630,24
2019,3,León,8,66,33,696,24
2018,4,León,3,53,44,593,24
2019,4,León,8,64,32,681,24
2018,5,León,4,62,50,684,24
2019,5,León,9,69,35,728,24
2018,6,León,4,64,52,710,24
2019,6,León,9,70,35,741,24
2018,7,León,3,59,49,663,24
2019,7,León,8,66,33,692,24
2018,8,León,2,48,40,538,24
2019,8,León,5,43,22,456,24
2018,9,León,1,35,29,399,24
2019,9,León,5,47,24,494,24
2018,1,Lleida,3,38,24,663,25
2019,1,Lleida,4,52,18,715,25
2018,10,Lleida,3,37,23,634,25
2019,10,Lleida,4,55,19,766,25
2018,11,Lleida,3,36,22,620,25
2019,11,Lleida,4,52,18,728,25
2018,12,Lleida,3,37,23,646,25
2019,12,Lleida,4,55,19,766,25
2018,2,Lleida,4,41,25,703,25
2019,2,Lleida,4,54,19,747,25
2018,3,Lleida,4,47,29,808,25
2019,3,Lleida,5,66,23,911,25
2018,4,Lleida,4,44,27,761,25
2019,4,Lleida,5,64,22,892,25
2018,5,Lleida,4,51,31,879,25
2019,5,Lleida,5,69,24,953,25
2018,6,Lleida,5,53,32,912,25
2019,6,Lleida,5,70,24,971,25
2018,7,Lleida,4,49,30,852,25
2019,7,Lleida,5,65,22,908,25
2018,8,Lleida,4,40,25,691,25
2019,8,Lleida,3,43,15,596,25
2018,9,Lleida,3,30,18,512,25
2019,9,Lleida,3,47,16,648,25
2017,1,La Rioja,1,27,18,381,26
2018,1,La Rioja,1,39,25,463,26
2019,1,La Rioja,2,43,16,439,26
2017,10,La Rioja,1,33,22,456,26
2018,10,La Rioja,1,38,24,443,26
2019,10,La Rioja,2,46,17,470,26
2017,11,La Rioja,1,35,24,488,26
2018,11,La Rioja,1,37,23,434,26
2019,11,La Rioja,2,44,16,445,26
2017,12,La Rioja,1,33,22,457,26
2018,12,La Rioja,1,38,24,451,26
2019,12,La Rioja,2,46,17,470,26
2017,2,La Rioja,1,31,21,429,26
2018,2,La Rioja,1,42,27,491,26
2019,2,La Rioja,2,45,17,459,26
2017,3,La Rioja,2,40,27,558,26
2018,3,La Rioja,1,48,31,565,26
2019,3,La Rioja,2,55,20,558,26
2017,4,La Rioja,1,33,22,458,26
2018,4,La Rioja,1,45,29,531,26
2019,4,La Rioja,2,54,20,546,26
2017,5,La Rioja,2,41,28,572,26
2018,5,La Rioja,1,52,33,613,26
2019,5,La Rioja,2,58,21,584,26
2017,6,La Rioja,2,43,29,595,26
2018,6,La Rioja,1,54,34,636,26
2019,6,La Rioja,2,59,22,594,26
2017,7,La Rioja,2,37,25,514,26
2018,7,La Rioja,1,51,32,594,26
2019,7,La Rioja,2,55,20,556,26
2017,8,La Rioja,1,25,17,352,26
2018,8,La Rioja,1,41,26,482,26
2019,8,La Rioja,1,36,13,366,26
2017,9,La Rioja,1,29,19,404,26
2018,9,La Rioja,1,30,19,358,26
2019,9,La Rioja,2,39,14,398,26
2017,1,Lugo,1,13,16,398,27
2018,1,Lugo,2,26,18,478,27
2019,1,Lugo,2,30,18,430,27
2017,10,Lugo,1,15,19,476,27
2018,10,Lugo,2,25,18,457,27
2019,10,Lugo,2,32,19,459,27
2017,11,Lugo,1,16,20,510,27
2018,11,Lugo,2,25,17,447,27
2019,11,Lugo,2,30,18,436,27
2017,12,Lugo,1,15,19,477,27
2018,12,Lugo,2,26,18,466,27
2019,12,Lugo,2,32,19,459,27
2017,2,Lugo,1,14,18,448,27
2018,2,Lugo,2,28,19,507,27
2019,2,Lugo,2,31,19,449,27
2017,3,Lugo,1,19,23,583,27
2018,3,Lugo,3,32,23,583,27
2019,3,Lugo,2,38,23,547,27
2017,4,Lugo,1,15,19,479,27
2018,4,Lugo,2,30,22,548,27
2019,4,Lugo,2,37,22,535,27
2017,5,Lugo,1,19,24,597,27
2018,5,Lugo,3,35,25,633,27
2019,5,Lugo,3,39,24,572,27
2017,6,Lugo,1,20,25,621,27
2018,6,Lugo,3,36,26,658,27
2019,6,Lugo,3,40,24,583,27
2017,7,Lugo,1,17,21,537,27
2018,7,Lugo,3,34,25,614,27
2019,7,Lugo,2,38,23,545,27
2017,8,Lugo,0,12,15,367,27
2018,8,Lugo,2,27,19,498,27
2019,8,Lugo,2,25,15,357,27
2017,9,Lugo,1,13,17,422,27
2018,9,Lugo,2,20,14,370,27
2019,9,Lugo,2,27,16,389,27
2017,1,Madrid,211,1309,445,21432,28
2018,1,Madrid,575,2757,420,27323,28
2019,1,Madrid,1390,4055,268,25945,28
2017,10,Madrid,253,1566,532,25635,28
2018,10,Madrid,549,2634,401,26107,28
2019,10,Madrid,1487,4338,286,27757,28
2017,11,Madrid,271,1677,569,27450,28
2018,11,Madrid,539,2580,393,25571,28
2019,11,Madrid,1412,4120,272,26364,28
2017,12,Madrid,253,1570,533,25699,28
2018,12,Madrid,561,2688,409,26644,28
2019,12,Madrid,1487,4338,286,27757,28
2017,2,Madrid,238,1475,501,24138,28
2018,2,Madrid,610,2923,446,28968,28
2019,2,Madrid,1451,4235,280,27096,28
2017,3,Madrid,310,1918,651,31399,28
2018,3,Madrid,701,3359,511,33296,28
2019,3,Madrid,1770,5167,340,33050,28
2017,4,Madrid,254,1574,534,25762,28
2018,4,Madrid,660,3161,481,31328,28
2019,4,Madrid,1734,5058,333,32354,28
2017,5,Madrid,317,1965,667,32163,28
2018,5,Madrid,762,3651,556,36187,28
2019,5,Madrid,1851,5400,355,34549,28
2017,6,Madrid,330,2043,694,33437,28
2018,6,Madrid,790,3789,577,37551,28
2019,6,Madrid,1884,5498,362,35175,28
2017,7,Madrid,285,1767,600,28915,28
2018,7,Madrid,739,3539,540,35084,28
2019,7,Madrid,1763,5145,339,32911,28
2017,8,Madrid,195,1208,410,19776,28
2018,8,Madrid,599,2872,438,28467,28
2019,8,Madrid,1159,3381,222,21628,28
2017,9,Madrid,224,1389,472,22737,28
2018,9,Madrid,444,2129,324,21100,28
2019,9,Madrid,1259,3675,241,23508,28
2017,1,Málaga,7,125,142,2318,29
2018,1,Málaga,16,207,216,3468,29
2019,1,Málaga,29,207,179,3877,29
2017,10,Málaga,9,149,170,2773,29
2018,10,Málaga,15,198,207,3313,29
2019,10,Málaga,32,222,191,4147,29
2017,11,Málaga,9,160,182,2969,29
2018,11,Málaga,15,194,202,3246,29
2019,11,Málaga,29,211,181,3938,29
2017,12,Málaga,9,149,171,2780,29
2018,12,Málaga,15,202,211,3382,29
2019,12,Málaga,32,222,191,4147,29
2017,2,Málaga,8,140,160,2611,29
2018,2,Málaga,16,219,229,3677,29
2019,2,Málaga,31,216,186,4048,29
2017,3,Málaga,11,183,208,3396,29
2018,3,Málaga,19,252,263,4226,29
2019,3,Málaga,38,264,229,4938,29
2017,4,Málaga,9,150,171,2787,29
2018,4,Málaga,18,237,247,3977,29
2019,4,Málaga,36,258,225,4834,29
2017,5,Málaga,11,187,214,3479,29
2018,5,Málaga,21,274,286,4592,29
2019,5,Málaga,38,276,240,5161,29
2017,6,Málaga,11,194,222,3617,29
2018,6,Málaga,22,284,297,4766,29
2019,6,Málaga,39,281,244,5255,29
2017,7,Málaga,10,168,192,3128,29
2018,7,Málaga,20,266,278,4453,29
2019,7,Málaga,38,263,228,4918,29
2017,8,Málaga,7,115,131,2139,29
2018,8,Málaga,16,215,225,3613,29
2019,8,Málaga,25,173,149,3231,29
2017,9,Málaga,8,132,151,2460,29
2018,9,Málaga,12,160,166,2678,29
2019,9,Málaga,26,188,162,3512,29
2017,1,Murcia,4,82,199,1774,30
2018,1,Murcia,8,132,243,2373,30
2019,1,Murcia,11,189,253,2566,30
2017,10,Murcia,5,98,238,2121,30
2018,10,Murcia,7,126,232,2267,30
2019,10,Murcia,11,202,271,2744,30
2017,11,Murcia,5,105,255,2272,30
2018,11,Murcia,7,124,228,2220,30
2019,11,Murcia,11,192,257,2607,30
2017,12,Murcia,5,98,239,2127,30
2018,12,Murcia,7,129,237,2313,30
2019,12,Murcia,11,202,271,2744,30
2017,2,Murcia,4,92,224,1998,30
2018,2,Murcia,8,140,258,2516,30
2019,2,Murcia,11,197,264,2678,30
2017,3,Murcia,6,120,292,2599,30
2018,3,Murcia,9,162,296,2892,30
2019,3,Murcia,13,240,322,3268,30
2017,4,Murcia,5,98,239,2132,30
2018,4,Murcia,9,153,279,2720,30
2019,4,Murcia,13,235,315,3199,30
2017,5,Murcia,6,123,299,2662,30
2018,5,Murcia,10,176,321,3142,30
2019,5,Murcia,13,251,337,3415,30
2017,6,Murcia,6,128,311,2767,30
2018,6,Murcia,11,183,333,3261,30
2019,6,Murcia,13,256,343,3477,30
2017,7,Murcia,5,110,269,2393,30
2018,7,Murcia,10,171,312,3046,30
2019,7,Murcia,13,239,321,3254,30
2017,8,Murcia,4,76,184,1637,30
2018,8,Murcia,8,138,253,2472,30
2019,8,Murcia,8,157,212,2138,30
2017,9,Murcia,4,87,211,1882,30
2018,9,Murcia,6,102,187,1832,30
2019,9,Murcia,10,171,230,2323,30
2017,1,Navarra,3,35,60,759,31
2018,1,Navarra,6,57,75,979,31
2019,1,Navarra,9,67,44,1034,31
2017,10,Navarra,4,42,72,908,31
2018,10,Navarra,5,54,72,936,31
2019,10,Navarra,10,71,48,1108,31
2017,11,Navarra,4,44,77,972,31
2018,11,Navarra,5,53,70,916,31
2019,11,Navarra,9,68,45,1051,31
2017,12,Navarra,4,42,72,910,31
2018,12,Navarra,5,55,73,955,31
2019,12,Navarra,10,71,48,1108,31
2017,2,Navarra,3,39,68,855,31
2018,2,Navarra,6,60,80,1038,31
2019,2,Navarra,10,70,46,1081,31
2017,3,Navarra,4,51,88,1112,31
2018,3,Navarra,7,69,92,1193,31
2019,3,Navarra,11,85,57,1317,31
2017,4,Navarra,4,42,73,912,31
2018,4,Navarra,6,65,86,1123,31
2019,4,Navarra,11,83,55,1291,31
2017,5,Navarra,5,52,91,1139,31
2018,5,Navarra,7,75,100,1297,31
2019,5,Navarra,12,89,59,1377,31
2017,6,Navarra,5,54,94,1184,31
2018,6,Navarra,8,78,103,1346,31
2019,6,Navarra,12,90,60,1403,31
2017,7,Navarra,4,47,81,1024,31
2018,7,Navarra,7,73,97,1258,31
2019,7,Navarra,11,85,56,1313,31
2017,8,Navarra,3,32,56,700,31
2018,8,Navarra,6,59,78,1021,31
2019,8,Navarra,8,56,37,862,31
2017,9,Navarra,3,37,64,805,31
2018,9,Navarra,4,44,58,756,31
2019,9,Navarra,9,60,40,938,31
2017,1,Ourense,1,21,37,327,32
2018,1,Ourense,1,30,42,388,32
2019,1,Ourense,2,38,32,368,32
2017,10,Ourense,1,25,45,391,32
2018,10,Ourense,1,29,40,371,32
2019,10,Ourense,2,40,34,394,32
2017,11,Ourense,1,27,48,419,32
2018,11,Ourense,1,28,39,363,32
2019,11,Ourense,2,38,32,375,32
2017,12,Ourense,1,25,45,392,32
2018,12,Ourense,1,29,41,379,32
2019,12,Ourense,2,40,34,394,32
2017,2,Ourense,1,24,42,368,32
2018,2,Ourense,1,32,44,411,32
2019,2,Ourense,2,40,33,384,32
2017,3,Ourense,1,31,55,479,32
2018,3,Ourense,2,37,52,473,32
2019,3,Ourense,3,48,40,470,32
2017,4,Ourense,1,25,45,393,32
2018,4,Ourense,2,35,49,445,32
2019,4,Ourense,3,47,40,459,32
2017,5,Ourense,1,32,56,491,32
2018,5,Ourense,2,40,56,514,32
2019,5,Ourense,3,50,42,490,32
2017,6,Ourense,1,33,58,510,32
2018,6,Ourense,2,41,58,533,32
2019,6,Ourense,3,51,43,498,32
2017,7,Ourense,1,29,50,441,32
2018,7,Ourense,2,39,55,498,32
2019,7,Ourense,3,48,40,466,32
2017,8,Ourense,0,20,34,302,32
2018,8,Ourense,1,31,43,404,32
2019,8,Ourense,2,32,26,306,32
2017,9,Ourense,1,22,40,347,32
2018,9,Ourense,1,23,32,300,32
2019,9,Ourense,2,34,29,333,32
2017,1,Asturias,4,53,39,1231,33
2018,1,Asturias,8,85,47,1519,33
2019,1,Asturias,17,124,35,1510,33
2017,10,Asturias,5,64,46,1473,33
2018,10,Asturias,8,81,45,1451,33
2019,10,Asturias,18,132,37,1615,33
2017,11,Asturias,5,68,49,1577,33
2018,11,Asturias,8,80,44,1421,33
2019,11,Asturias,18,126,35,1535,33
2017,12,Asturias,5,64,46,1476,33
2018,12,Asturias,8,83,46,1481,33
2019,12,Asturias,18,132,37,1615,33
2017,2,Asturias,4,60,43,1387,33
2018,2,Asturias,9,90,49,1610,33
2019,2,Asturias,18,129,36,1577,33
2017,3,Asturias,6,78,56,1804,33
2018,3,Asturias,10,104,57,1850,33
2019,3,Asturias,22,157,44,1925,33
2017,4,Asturias,5,64,46,1480,33
2018,4,Asturias,10,98,54,1742,33
2019,4,Asturias,21,154,43,1885,33
2017,5,Asturias,6,80,58,1847,33
2018,5,Asturias,11,113,62,2011,33
2019,5,Asturias,22,165,46,2012,33
2017,6,Asturias,6,83,60,1921,33
2018,6,Asturias,11,117,64,2088,33
2019,6,Asturias,23,168,47,2049,33
2017,7,Asturias,5,72,52,1661,33
2018,7,Asturias,11,109,60,1950,33
2019,7,Asturias,21,157,44,1916,33
2017,8,Asturias,4,49,36,1136,33
2018,8,Asturias,9,89,49,1583,33
2019,8,Asturias,15,103,29,1259,33
2017,9,Asturias,4,56,41,1306,33
2018,9,Asturias,6,66,36,1173,33
2019,9,Asturias,16,112,32,1370,33
2017,1,Palencia,0,0,5,129,34
2018,1,Palencia,0,2,4,129,34
2019,1,Palencia,1,3,3,122,34
2017,10,Palencia,1,0,6,154,34
2018,10,Palencia,0,2,4,123,34
2019,10,Palencia,1,3,3,131,34
2017,11,Palencia,1,1,7,165,34
2018,11,Palencia,0,2,4,121,34
2019,11,Palencia,1,3,3,123,34
2017,12,Palencia,1,0,6,155,34
2018,12,Palencia,0,2,4,126,34
2019,12,Palencia,1,3,3,131,34
2017,2,Palencia,1,0,6,145,34
2018,2,Palencia,0,2,4,136,34
2019,2,Palencia,1,3,3,126,34
2017,3,Palencia,1,1,7,189,34
2018,3,Palencia,1,2,5,157,34
2019,3,Palencia,1,3,4,156,34
2017,4,Palencia,1,0,6,155,34
2018,4,Palencia,1,2,4,148,34
2019,4,Palencia,1,3,4,151,34
2017,5,Palencia,1,1,8,194,34
2018,5,Palencia,1,2,5,171,34
2019,5,Palencia,1,4,4,162,34
2017,6,Palencia,1,1,8,201,34
2018,6,Palencia,1,2,5,177,34
2019,6,Palencia,3,4,4,165,34
2017,7,Palencia,1,1,7,174,34
2018,7,Palencia,1,2,5,166,34
2019,7,Palencia,1,3,4,156,34
2017,8,Palencia,0,0,5,119,34
2018,8,Palencia,0,2,4,134,34
2019,8,Palencia,0,2,2,103,34
2017,9,Palencia,0,0,5,137,34
2018,9,Palencia,0,1,3,100,34
2019,9,Palencia,1,2,3,110,34
2017,1,Las Palmas,9,38,22,2597,35
2018,1,Las Palmas,21,99,26,3236,35
2019,1,Las Palmas,63,146,18,3050,35
2017,10,Las Palmas,11,45,27,3106,35
2018,10,Las Palmas,21,95,25,3092,35
2019,10,Las Palmas,67,157,19,3263,35
2017,11,Las Palmas,12,48,29,3326,35
2018,11,Las Palmas,20,93,24,3028,35
2019,11,Las Palmas,65,149,18,3098,35
2017,12,Las Palmas,11,45,27,3113,35
2018,12,Las Palmas,21,97,25,3155,35
2019,12,Las Palmas,67,157,19,3263,35
2017,2,Las Palmas,10,42,25,2924,35
2018,2,Las Palmas,23,105,28,3430,35
2019,2,Las Palmas,66,153,19,3185,35
2017,3,Las Palmas,13,55,33,3804,35
2018,3,Las Palmas,27,121,32,3943,35
2019,3,Las Palmas,81,187,23,3885,35
2017,4,Las Palmas,11,45,27,3121,35
2018,4,Las Palmas,25,114,30,3710,35
2019,4,Las Palmas,78,183,23,3803,35
2017,5,Las Palmas,14,57,34,3897,35
2018,5,Las Palmas,29,132,34,4285,35
2019,5,Las Palmas,85,195,24,4061,35
2017,6,Las Palmas,14,59,35,4051,35
2018,6,Las Palmas,29,137,35,4447,35
2019,6,Las Palmas,86,199,25,4134,35
2017,7,Las Palmas,12,51,30,3503,35
2018,7,Las Palmas,28,128,33,4155,35
2019,7,Las Palmas,81,186,23,3869,35
2017,8,Las Palmas,8,35,21,2396,35
2018,8,Las Palmas,23,104,27,3371,35
2019,8,Las Palmas,54,122,15,2543,35
2017,9,Las Palmas,10,40,24,2755,35
2018,9,Las Palmas,17,77,19,2499,35
2019,9,Las Palmas,58,133,16,2762,35
2017,1,Pontevedra,3,11,58,824,36
2018,1,Pontevedra,7,26,83,1135,36
2019,1,Pontevedra,8,38,67,1201,36
2017,10,Pontevedra,4,13,69,986,36
2018,10,Pontevedra,7,25,79,1084,36
2019,10,Pontevedra,8,41,72,1285,36
2017,11,Pontevedra,4,14,74,1056,36
2018,11,Pontevedra,7,25,77,1062,36
2019,11,Pontevedra,8,39,68,1221,36
2017,12,Pontevedra,4,13,69,989,36
2018,12,Pontevedra,7,26,81,1107,36
2019,12,Pontevedra,8,41,72,1285,36
2017,2,Pontevedra,4,12,65,929,36
2018,2,Pontevedra,9,28,88,1204,36
2019,2,Pontevedra,8,40,70,1255,36
2017,3,Pontevedra,5,16,85,1208,36
2018,3,Pontevedra,10,32,101,1383,36
2019,3,Pontevedra,9,48,86,1530,36
2017,4,Pontevedra,4,13,70,991,36
2018,4,Pontevedra,9,30,95,1301,36
2019,4,Pontevedra,9,47,84,1499,36
2017,5,Pontevedra,5,16,87,1237,36
2018,5,Pontevedra,10,35,109,1504,36
2019,5,Pontevedra,10,50,90,1600,36
2017,6,Pontevedra,5,17,90,1286,36
2018,6,Pontevedra,11,36,114,1560,36
2019,6,Pontevedra,10,51,91,1629,36
2017,7,Pontevedra,4,15,78,1112,36
2018,7,Pontevedra,10,34,106,1457,36
2019,7,Pontevedra,9,48,85,1524,36
2017,8,Pontevedra,3,10,53,761,36
2018,8,Pontevedra,8,27,86,1183,36
2019,8,Pontevedra,7,32,56,1001,36
2017,9,Pontevedra,3,12,61,875,36
2018,9,Pontevedra,6,20,64,877,36
2019,9,Pontevedra,7,34,61,1089,36
2017,1,Salamanca,1,117,10,450,37
2018,1,Salamanca,2,180,18,549,37
2019,1,Salamanca,2,177,13,509,37
2017,10,Salamanca,1,139,12,538,37
2018,10,Salamanca,2,172,17,524,37
2019,10,Salamanca,2,190,14,544,37
2017,11,Salamanca,1,149,12,576,37
2018,11,Salamanca,2,169,17,514,37
2019,11,Salamanca,2,180,13,516,37
2017,12,Salamanca,1,140,12,539,37
2018,12,Salamanca,2,176,18,535,37
2019,12,Salamanca,2,190,14,544,37
2017,2,Salamanca,1,131,11,507,37
2018,2,Salamanca,2,191,19,582,37
2019,2,Salamanca,2,185,13,533,37
2017,3,Salamanca,2,171,14,659,37
2018,3,Salamanca,2,219,22,668,37
2019,3,Salamanca,3,226,16,649,37
2017,4,Salamanca,1,140,12,541,37
2018,4,Salamanca,2,206,21,629,37
2019,4,Salamanca,3,221,16,635,37
2017,5,Salamanca,2,175,15,675,37
2018,5,Salamanca,2,239,24,727,37
2019,5,Salamanca,3,236,17,678,37
2017,6,Salamanca,2,182,15,702,37
2018,6,Salamanca,3,247,25,754,37
2019,6,Salamanca,3,240,17,690,37
2017,7,Salamanca,2,157,13,607,37
2018,7,Salamanca,2,231,23,705,37
2019,7,Salamanca,3,225,16,646,37
2017,8,Salamanca,1,108,9,415,37
2018,8,Salamanca,2,188,19,571,37
2019,8,Salamanca,2,148,11,425,37
2017,9,Salamanca,1,124,10,477,37
2018,9,Salamanca,1,139,14,424,37
2019,9,Salamanca,2,161,11,460,37
2017,1,Santa Cruz de Tenerife,6,24,40,1421,38
2018,1,Santa Cruz de Tenerife,9,47,47,2011,38
2019,1,Santa Cruz de Tenerife,19,67,36,2308,38
2017,10,Santa Cruz de Tenerife,7,28,48,1700,38
2018,10,Santa Cruz de Tenerife,8,45,45,1922,38
2019,10,Santa Cruz de Tenerife,20,72,38,2469,38
2017,11,Santa Cruz de Tenerife,8,30,52,1820,38
2018,11,Santa Cruz de Tenerife,8,44,44,1882,38
2019,11,Santa Cruz de Tenerife,19,68,36,2344,38
2017,12,Santa Cruz de Tenerife,7,28,49,1704,38
2018,12,Santa Cruz de Tenerife,9,46,46,1961,38
2019,12,Santa Cruz de Tenerife,20,72,38,2469,38
2017,2,Santa Cruz de Tenerife,7,27,46,1600,38
2018,2,Santa Cruz de Tenerife,9,50,51,2132,38
2019,2,Santa Cruz de Tenerife,19,70,37,2410,38
2017,3,Santa Cruz de Tenerife,9,35,59,2082,38
2018,3,Santa Cruz de Tenerife,10,57,58,2450,38
2019,3,Santa Cruz de Tenerife,25,86,47,2939,38
2017,4,Santa Cruz de Tenerife,7,28,49,1708,38
2018,4,Santa Cruz de Tenerife,10,54,55,2305,38
2019,4,Santa Cruz de Tenerife,24,84,44,2877,38
2017,5,Santa Cruz de Tenerife,9,35,61,2133,38
2018,5,Santa Cruz de Tenerife,11,62,63,2663,38
2019,5,Santa Cruz de Tenerife,26,90,49,3073,38
2017,6,Santa Cruz de Tenerife,10,37,63,2217,38
2018,6,Santa Cruz de Tenerife,12,64,65,2763,38
2019,6,Santa Cruz de Tenerife,26,91,50,3128,38
2017,7,Santa Cruz de Tenerife,8,32,55,1917,38
2018,7,Santa Cruz de Tenerife,11,60,61,2582,38
2019,7,Santa Cruz de Tenerife,25,85,47,2926,38
2017,8,Santa Cruz de Tenerife,6,22,37,1311,38
2018,8,Santa Cruz de Tenerife,9,49,50,2095,38
2019,8,Santa Cruz de Tenerife,16,56,30,1923,38
2017,9,Santa Cruz de Tenerife,6,25,43,1508,38
2018,9,Santa Cruz de Tenerife,7,36,37,1553,38
2019,9,Santa Cruz de Tenerife,17,61,33,2091,38
2017,1,Cantabria,2,34,29,699,39
2018,1,Cantabria,6,64,32,1055,39
2019,1,Cantabria,8,94,34,1132,39
2017,10,Cantabria,3,41,35,836,39
2018,10,Cantabria,6,61,31,1007,39
2019,10,Cantabria,8,100,36,1211,39
2017,11,Cantabria,3,44,38,895,39
2018,11,Cantabria,6,60,30,987,39
2019,11,Cantabria,8,95,34,1150,39
2017,12,Cantabria,3,41,35,838,39
2018,12,Cantabria,6,62,32,1028,39
2019,12,Cantabria,8,100,36,1211,39
2017,2,Cantabria,3,39,33,787,39
2018,2,Cantabria,6,68,34,1118,39
2019,2,Cantabria,8,98,35,1181,39
2017,3,Cantabria,3,50,43,1024,39
2018,3,Cantabria,7,78,39,1285,39
2019,3,Cantabria,9,119,43,1441,39
2017,4,Cantabria,3,41,35,840,39
2018,4,Cantabria,7,73,37,1209,39
2019,4,Cantabria,9,117,42,1411,39
2017,5,Cantabria,3,52,44,1049,39
2018,5,Cantabria,8,85,43,1396,39
2019,5,Cantabria,9,125,45,1507,39
2017,6,Cantabria,4,54,46,1090,39
2018,6,Cantabria,8,88,44,1450,39
2019,6,Cantabria,10,127,46,1535,39
2017,7,Cantabria,3,46,40,943,39
2018,7,Cantabria,8,82,41,1354,39
2019,7,Cantabria,9,119,43,1436,39
2017,8,Cantabria,2,32,27,645,39
2018,8,Cantabria,6,67,34,1098,39
2019,8,Cantabria,7,78,28,943,39
2017,9,Cantabria,2,36,31,741,39
2018,9,Cantabria,5,49,25,815,39
2019,9,Cantabria,7,85,31,1025,39
2017,1,Segovia,1,8,3,98,40
2018,1,Segovia,1,12,4,132,40
2019,1,Segovia,1,22,4,140,40
2017,10,Segovia,1,10,4,117,40
2018,10,Segovia,1,12,3,126,40
2019,10,Segovia,1,23,4,150,40
2017,11,Segovia,1,10,4,125,40
2018,11,Segovia,1,11,3,124,40
2019,11,Segovia,1,22,4,142,40
2017,12,Segovia,1,10,4,117,40
2018,12,Segovia,1,12,3,129,40
2019,12,Segovia,1,23,4,150,40
2017,2,Segovia,1,9,4,110,40
2018,2,Segovia,1,13,4,140,40
2019,2,Segovia,1,23,4,147,40
2017,3,Segovia,1,12,5,143,40
2018,3,Segovia,1,15,4,161,40
2019,3,Segovia,2,28,4,179,40
2017,4,Segovia,1,10,4,117,40
2018,4,Segovia,1,14,4,152,40
2019,4,Segovia,1,27,4,174,40
2017,5,Segovia,1,12,5,146,40
2018,5,Segovia,1,16,5,175,40
2019,5,Segovia,2,29,5,186,40
2017,6,Segovia,1,13,5,152,40
2018,6,Segovia,1,17,5,182,40
2019,6,Segovia,2,30,5,191,40
2017,7,Segovia,1,11,4,132,40
2018,7,Segovia,1,16,5,170,40
2019,7,Segovia,2,28,4,177,40
2017,8,Segovia,0,7,3,90,40
2018,8,Segovia,1,13,4,138,40
2019,8,Segovia,1,18,3,117,40
2017,9,Segovia,1,9,3,104,40
2018,9,Segovia,1,9,3,102,40
2019,9,Segovia,1,20,3,127,40
2017,1,Sevilla,4,115,32,2238,41
2018,1,Sevilla,11,193,37,3124,41
2019,1,Sevilla,11,248,43,3385,41
2017,10,Sevilla,5,138,38,2676,41
2018,10,Sevilla,10,185,36,2985,41
2019,10,Sevilla,14,265,46,3623,41
2017,11,Sevilla,6,147,41,2866,41
2018,11,Sevilla,10,181,35,2924,41
2019,11,Sevilla,13,252,43,3440,41
2017,12,Sevilla,5,138,38,2683,41
2018,12,Sevilla,10,189,36,3047,41
2019,12,Sevilla,14,265,46,3623,41
2017,2,Sevilla,5,130,36,2520,41
2018,2,Sevilla,11,205,40,3312,41
2019,2,Sevilla,13,259,45,3536,41
2017,3,Sevilla,6,169,47,3278,41
2018,3,Sevilla,13,236,45,3807,41
2019,3,Sevilla,16,318,54,4312,41
2017,4,Sevilla,5,138,38,2690,41
2018,4,Sevilla,12,222,43,3582,41
2019,4,Sevilla,15,311,53,4222,41
2017,5,Sevilla,7,173,48,3358,41
2018,5,Sevilla,14,257,50,4138,41
2019,5,Sevilla,16,332,57,4508,41
2017,6,Sevilla,7,180,50,3491,41
2018,6,Sevilla,15,267,52,4294,41
2019,6,Sevilla,16,338,58,4590,41
2017,7,Sevilla,6,155,43,3019,41
2018,7,Sevilla,14,248,48,4011,41
2019,7,Sevilla,16,317,54,4295,41
2017,8,Sevilla,4,106,29,2065,41
2018,8,Sevilla,11,202,39,3255,41
2019,8,Sevilla,10,207,36,2822,41
2017,9,Sevilla,5,122,34,2374,41
2018,9,Sevilla,9,149,29,2413,41
2019,9,Sevilla,10,225,39,3068,41
2017,1,Soria,0,5,1,87,42
2018,1,Soria,0,6,2,111,42
2019,1,Soria,1,8,2,102,42
2017,10,Soria,0,6,2,104,42
2018,10,Soria,0,6,2,106,42
2019,10,Soria,1,9,2,110,42
2017,11,Soria,0,6,2,112,42
2018,11,Soria,0,6,2,104,42
2019,11,Soria,1,8,2,104,42
2017,12,Soria,0,6,2,104,42
2018,12,Soria,0,6,2,108,42
2019,12,Soria,1,9,2,110,42
2017,2,Soria,0,5,2,98,42
2018,2,Soria,0,7,2,118,42
2019,2,Soria,1,8,2,108,42
2017,3,Soria,0,7,2,128,42
2018,3,Soria,1,8,2,136,42
2019,3,Soria,1,10,2,130,42
2017,4,Soria,0,6,2,105,42
2018,4,Soria,1,7,2,128,42
2019,4,Soria,1,10,2,128,42
2017,5,Soria,0,7,2,131,42
2018,5,Soria,1,8,2,148,42
2019,5,Soria,1,11,3,137,42
2017,6,Soria,0,7,2,136,42
2018,6,Soria,1,9,2,153,42
2019,6,Soria,1,11,3,140,42
2017,7,Soria,0,6,2,117,42
2018,7,Soria,1,8,2,143,42
2019,7,Soria,1,10,2,130,42
2017,8,Soria,0,4,1,80,42
2018,8,Soria,0,7,2,116,42
2019,8,Soria,1,7,2,86,42
2017,9,Soria,0,5,2,92,42
2018,9,Soria,0,5,1,86,42
2019,9,Soria,1,7,2,94,42
2017,1,Tarragona,3,68,49,978,43
2018,1,Tarragona,12,95,75,1416,43
2019,1,Tarragona,26,105,74,1536,43
2017,10,Tarragona,3,82,59,1170,43
2018,10,Tarragona,11,91,72,1353,43
2019,10,Tarragona,29,112,80,1644,43
2017,11,Tarragona,3,88,63,1253,43
2018,11,Tarragona,11,89,70,1325,43
2019,11,Tarragona,26,106,76,1561,43
2017,12,Tarragona,3,82,59,1173,43
2018,12,Tarragona,11,93,73,1380,43
2019,12,Tarragona,29,112,80,1644,43
2017,2,Tarragona,3,77,55,1102,43
2018,2,Tarragona,13,101,79,1502,43
2019,2,Tarragona,28,109,78,1605,43
2017,3,Tarragona,4,100,72,1433,43
2018,3,Tarragona,15,116,91,1726,43
2019,3,Tarragona,33,133,95,1958,43
2017,4,Tarragona,3,82,59,1176,43
2018,4,Tarragona,13,109,86,1623,43
2019,4,Tarragona,33,130,93,1916,43
2017,5,Tarragona,4,103,74,1468,43
2018,5,Tarragona,16,126,99,1875,43
2019,5,Tarragona,36,139,99,2045,43
2017,6,Tarragona,4,107,77,1526,43
2018,6,Tarragona,16,131,102,1946,43
2019,6,Tarragona,36,142,101,2083,43
2017,7,Tarragona,4,92,66,1320,43
2018,7,Tarragona,16,122,96,1819,43
2019,7,Tarragona,33,133,94,1948,43
2017,8,Tarragona,2,63,45,902,43
2018,8,Tarragona,13,99,78,1476,43
2019,8,Tarragona,22,87,62,1281,43
2017,9,Tarragona,3,73,52,1038,43
2018,9,Tarragona,10,73,57,1094,43
2019,9,Tarragona,25,95,67,1392,43
2017,1,Teruel,0,7,1,146,44
2018,1,Teruel,1,9,3,177,44
2019,1,Teruel,0,12,2,165,44
2017,10,Teruel,0,9,2,174,44
2018,10,Teruel,1,9,3,170,44
2019,10,Teruel,0,13,2,177,44
2017,11,Teruel,0,9,2,187,44
2018,11,Teruel,1,9,3,166,44
2019,11,Teruel,0,13,2,167,44
2017,12,Teruel,0,9,2,175,44
2018,12,Teruel,1,9,3,173,44
2019,12,Teruel,0,13,2,177,44
2017,2,Teruel,0,8,2,164,44
2018,2,Teruel,1,10,3,188,44
2019,2,Teruel,0,13,2,171,44
2017,3,Teruel,0,11,2,213,44
2018,3,Teruel,1,12,3,216,44
2019,3,Teruel,0,16,3,209,44
2017,4,Teruel,0,9,2,175,44
2018,4,Teruel,1,11,3,203,44
2019,4,Teruel,0,15,3,205,44
2017,5,Teruel,0,11,2,219,44
2018,5,Teruel,1,13,4,235,44
2019,5,Teruel,0,16,3,219,44
2017,6,Teruel,0,11,2,227,44
2018,6,Teruel,1,13,4,243,44
2019,6,Teruel,1,17,3,223,44
2017,7,Teruel,0,10,2,197,44
2018,7,Teruel,1,12,3,227,44
2019,7,Teruel,0,16,3,208,44
2017,8,Teruel,0,7,1,134,44
2018,8,Teruel,1,10,3,185,44
2019,8,Teruel,0,10,2,138,44
2017,9,Teruel,0,8,2,155,44
2018,9,Teruel,1,7,2,137,44
2019,9,Teruel,0,11,2,150,44
2017,1,Toledo,47,41,94,2366,45
2018,1,Toledo,116,150,90,4194,45
2019,1,Toledo,149,232,82,5134,45
2017,10,Toledo,57,49,112,2830,45
2018,10,Toledo,111,143,86,4007,45
2019,10,Toledo,160,248,88,5492,45
2017,11,Toledo,61,53,120,3031,45
2018,11,Toledo,109,140,84,3925,45
2019,11,Toledo,152,235,83,5215,45
2017,12,Toledo,57,49,113,2837,45
2018,12,Toledo,113,146,88,4089,45
2019,12,Toledo,160,248,88,5492,45
2017,2,Toledo,53,46,106,2665,45
2018,2,Toledo,123,159,95,4446,45
2019,2,Toledo,156,242,86,5361,45
2017,3,Toledo,69,60,138,3466,45
2018,3,Toledo,142,183,109,5111,45
2019,3,Toledo,189,295,104,6538,45
2017,4,Toledo,57,50,113,2844,45
2018,4,Toledo,133,172,103,4809,45
2019,4,Toledo,185,289,102,6401,45
2017,5,Toledo,71,62,141,3551,45
2018,5,Toledo,154,199,119,5555,45
2019,5,Toledo,198,308,109,6834,45
2017,6,Toledo,74,64,146,3691,45
2018,6,Toledo,160,206,123,5764,45
2019,6,Toledo,201,314,111,6959,45
2017,7,Toledo,64,56,127,3192,45
2018,7,Toledo,149,192,115,5385,45
2019,7,Toledo,188,294,104,6511,45
2017,8,Toledo,44,38,87,2183,45
2018,8,Toledo,121,156,94,4370,45
2019,8,Toledo,123,193,68,4278,45
2017,9,Toledo,50,44,100,2510,45
2018,9,Toledo,90,116,69,3239,45
2019,9,Toledo,136,210,74,4651,45
2017,1,Valencia,12,88,119,3417,46
2018,1,Valencia,33,147,148,4714,46
2019,1,Valencia,55,217,100,5054,46
2017,10,Valencia,14,106,143,4088,46
2018,10,Valencia,32,141,142,4504,46
2019,10,Valencia,58,232,107,5406,46
2017,11,Valencia,16,113,153,4377,46
2018,11,Valencia,32,138,139,4411,46
2019,11,Valencia,55,221,102,5135,46
2017,12,Valencia,15,106,143,4098,46
2018,12,Valencia,33,144,144,4596,46
2019,12,Valencia,58,232,107,5406,46
2017,2,Valencia,14,99,134,3849,46
2018,2,Valencia,36,156,157,4997,46
2019,2,Valencia,56,227,105,5278,46
2017,3,Valencia,18,129,175,5007,46
2018,3,Valencia,41,179,180,5744,46
2019,3,Valencia,69,276,128,6438,46
2017,4,Valencia,15,106,143,4108,46
2018,4,Valencia,39,169,169,5405,46
2019,4,Valencia,67,271,125,6302,46
2017,5,Valencia,18,133,179,5129,46
2018,5,Valencia,44,195,195,6242,46
2019,5,Valencia,71,289,134,6730,46
2017,6,Valencia,19,138,186,5332,46
2018,6,Valencia,46,202,204,6478,46
2019,6,Valencia,73,294,136,6852,46
2017,7,Valencia,16,119,161,4611,46
2018,7,Valencia,43,189,190,6052,46
2019,7,Valencia,67,275,127,6411,46
2017,8,Valencia,11,81,110,3153,46
2018,8,Valencia,35,153,154,4911,46
2019,8,Valencia,44,181,84,4214,46
2017,9,Valencia,13,94,127,3626,46
2018,9,Valencia,26,114,114,3640,46
2019,9,Valencia,48,197,91,4581,46
2017,1,Valladolid,2,32,53,629,47
2018,1,Valladolid,6,62,48,707,47
2019,1,Valladolid,7,71,29,704,47
2017,10,Valladolid,3,38,64,752,47
2018,10,Valladolid,6,60,46,675,47
2019,10,Valladolid,7,76,31,752,47
2017,11,Valladolid,3,41,68,805,47
2018,11,Valladolid,6,58,45,661,47
2019,11,Valladolid,7,72,29,714,47
2017,12,Valladolid,3,38,64,754,47
2018,12,Valladolid,6,61,47,690,47
2019,12,Valladolid,7,76,31,752,47
2017,2,Valladolid,3,36,60,708,47
2018,2,Valladolid,6,66,51,750,47
2019,2,Valladolid,7,74,30,735,47
2017,3,Valladolid,4,47,78,921,47
2018,3,Valladolid,7,76,58,861,47
2019,3,Valladolid,8,91,37,895,47
2017,4,Valladolid,3,38,64,756,47
2018,4,Valladolid,7,72,55,810,47
2019,4,Valladolid,8,89,36,876,47
2017,5,Valladolid,4,48,80,943,47
2018,5,Valladolid,7,83,64,936,47
2019,5,Valladolid,9,95,38,935,47
2017,6,Valladolid,4,50,83,981,47
2018,6,Valladolid,8,86,66,971,47
2019,6,Valladolid,9,96,39,952,47
2017,7,Valladolid,3,43,72,848,47
2018,7,Valladolid,7,80,62,907,47
2019,7,Valladolid,8,90,37,891,47
2017,8,Valladolid,2,29,49,580,47
2018,8,Valladolid,6,65,50,736,47
2019,8,Valladolid,6,59,24,586,47
2017,9,Valladolid,3,34,56,667,47
2018,9,Valladolid,4,48,37,546,47
2019,9,Valladolid,7,64,26,637,47
2017,1,Vizcaya,9,68,67,1258,48
2018,1,Vizcaya,12,109,68,1656,48
2019,1,Vizcaya,18,162,46,1720,48
2017,10,Vizcaya,11,82,80,1504,48
2018,10,Vizcaya,11,104,65,1582,48
2019,10,Vizcaya,19,173,49,1841,48
2017,11,Vizcaya,11,88,85,1611,48
2018,11,Vizcaya,11,102,64,1550,48
2019,11,Vizcaya,18,165,47,1749,48
2017,12,Vizcaya,11,82,80,1508,48
2018,12,Vizcaya,12,106,67,1615,48
2019,12,Vizcaya,19,173,49,1841,48
2017,2,Vizcaya,10,77,75,1416,48
2018,2,Vizcaya,12,116,72,1756,48
2019,2,Vizcaya,18,169,48,1797,48
2017,3,Vizcaya,13,100,98,1843,48
2018,3,Vizcaya,14,133,83,2018,48
2019,3,Vizcaya,23,207,59,2192,48
2017,4,Vizcaya,11,82,80,1512,48
2018,4,Vizcaya,13,125,78,1899,48
2019,4,Vizcaya,23,202,58,2147,48
2017,5,Vizcaya,13,103,100,1887,48
2018,5,Vizcaya,15,144,90,2193,48
2019,5,Vizcaya,24,216,62,2291,48
2017,6,Vizcaya,14,107,104,1962,48
2018,6,Vizcaya,16,150,94,2276,48
2019,6,Vizcaya,24,220,63,2335,48
2017,7,Vizcaya,12,92,90,1697,48
2018,7,Vizcaya,15,140,88,2127,48
2019,7,Vizcaya,23,206,59,2184,48
2017,8,Vizcaya,8,63,62,1160,48
2018,8,Vizcaya,12,114,71,1726,48
2019,8,Vizcaya,15,135,39,1435,48
2017,9,Vizcaya,9,73,71,1334,48
2018,9,Vizcaya,9,84,53,1279,48
2019,9,Vizcaya,16,147,42,1559,48
2017,1,Zamora,0,8,6,113,49
2018,1,Zamora,1,12,10,140,49
2019,1,Zamora,2,16,8,149,49
2017,10,Zamora,0,10,7,136,49
2018,10,Zamora,1,11,9,134,49
2019,10,Zamora,2,17,9,159,49
2017,11,Zamora,1,11,7,145,49
2018,11,Zamora,1,11,9,131,49
2019,11,Zamora,2,16,8,150,49
2017,12,Zamora,0,10,7,136,49
2018,12,Zamora,1,12,9,136,49
2019,12,Zamora,2,17,9,159,49
2017,2,Zamora,0,9,7,128,49
2018,2,Zamora,1,13,10,149,49
2019,2,Zamora,2,17,9,156,49
2017,3,Zamora,1,12,8,166,49
2018,3,Zamora,1,15,12,171,49
2019,3,Zamora,2,21,11,188,49
2017,4,Zamora,0,10,7,136,49
2018,4,Zamora,1,14,11,161,49
2019,4,Zamora,2,20,10,185,49
2017,5,Zamora,1,13,9,170,49
2018,5,Zamora,1,16,13,186,49
2019,5,Zamora,2,22,11,197,49
2017,6,Zamora,1,13,9,177,49
2018,6,Zamora,1,16,13,192,49
2019,6,Zamora,2,22,11,202,49
2017,7,Zamora,1,11,8,153,49
2018,7,Zamora,1,15,12,180,49
2019,7,Zamora,2,21,10,188,49
2017,8,Zamora,0,8,5,105,49
2018,8,Zamora,1,12,10,146,49
2019,8,Zamora,1,13,7,123,49
2017,9,Zamora,0,9,6,120,49
2018,9,Zamora,0,9,7,108,49
2019,9,Zamora,2,15,7,136,49
2017,1,Zaragoza,4,66,41,1158,50
2018,1,Zaragoza,11,96,48,1331,50
2019,1,Zaragoza,18,119,38,1308,50
2017,10,Zaragoza,5,79,50,1385,50
2018,10,Zaragoza,11,91,46,1272,50
2019,10,Zaragoza,18,127,41,1401,50
2017,11,Zaragoza,5,84,53,1483,50
2018,11,Zaragoza,11,89,45,1246,50
2019,11,Zaragoza,18,121,39,1331,50
2017,12,Zaragoza,5,79,50,1388,50
2018,12,Zaragoza,11,93,47,1298,50
2019,12,Zaragoza,18,127,41,1401,50
2017,2,Zaragoza,5,74,47,1304,50
2018,2,Zaragoza,12,101,51,1412,50
2019,2,Zaragoza,18,124,40,1368,50
2017,3,Zaragoza,6,97,61,1696,50
2018,3,Zaragoza,13,116,58,1622,50
2019,3,Zaragoza,20,151,49,1669,50
2017,4,Zaragoza,5,79,50,1392,50
2018,4,Zaragoza,13,110,55,1527,50
2019,4,Zaragoza,20,148,48,1633,50
2017,5,Zaragoza,6,99,62,1738,50
2018,5,Zaragoza,14,127,63,1764,50
2019,5,Zaragoza,23,158,51,1744,50
2017,6,Zaragoza,7,103,65,1806,50
2018,6,Zaragoza,15,131,66,1830,50
2019,6,Zaragoza,23,161,52,1776,50
2017,7,Zaragoza,6,89,56,1562,50
2018,7,Zaragoza,14,123,61,1710,50
2019,7,Zaragoza,20,151,49,1660,50
2017,8,Zaragoza,4,61,38,1068,50
2018,8,Zaragoza,12,100,50,1387,50
2019,8,Zaragoza,14,99,32,1092,50
2017,9,Zaragoza,4,70,44,1228,50
2018,9,Zaragoza,8,74,37,1028,50
2019,9,Zaragoza,15,108,35,1187,50
